<?xml version="1.0"?>
<schema xmlns:xsi="http://www.w3.org/2001/XMLSchema-instance" xsi:noNamespaceSchemaLocation="urn:magento:framework:Setup/Declaration/Schema/etc/schema.xsd">
    <table name="ced_vendor_varification" resource="default">
        <column xsi:type="int" name="id" padding="10" identity="true" unsigned="true" nullable="false" comment="Id"/>
        <column xsi:type="varchar" length="225" name="vendor_name" nullable="false" />
        <column xsi:type="varchar" length="225" name="email" nullable="false" />
        <column xsi:type="text" name="access_token" nullable="false" />
        <column xsi:type="text" name="market_place" nullable="false" />
        <column xsi:type="text" name="store_urls" nullable="false" />
        <column xsi:type="boolean" name="is_connected" nullable="false" />
        <constraint xsi:type="primary" referenceId="PRIMARY">
            <column name="id"/>
        </constraint>
    </table>
</schema>
