<?xml version="1.0"?>
<routes xmlns:xsi="http://www.w3.org/2001/XMLSchema-instance" xsi:noNamespaceSchemaLocation="urn:magento:module:Magento_Webapi:etc/webapi.xsd">
    <route url="/V1/user/authentication/" method="POST">
        <service class="Ced\VendorVarification\Api\AuthenticationInterface" method="setData"/>
        <resources>
            <resource ref="anonymous"/>
        </resources>
    </route>
    <route url="/V1/user/authentication/" method="GET">
        <service class="Ced\VendorVarification\Api\AuthenticationInterface" method="endpoints"/>
        <resources>
            <resource ref="anonymous"/>
        </resources>
    </route>
</routes>
